<?xml version="1.0" encoding="UTF-8"?>
<project-private xmlns="http://www.netbeans.org/ns/project-private/1">
    <editor-bookmarks xmlns="http://www.netbeans.org/ns/editor-bookmarks/2" lastBookmarkId="0"/>
    <open-files xmlns="http://www.netbeans.org/ns/projectui-open-files/2">
        <group>
            <file>file:/C:/Users/aidil/OneDrive/Documents/NetBeansProjects/SIPIT/src/controller/bookmarkController.java</file>
            <file>file:/C:/Users/aidil/OneDrive/Documents/NetBeansProjects/SIPIT/src/Config/koneksi.java</file>
            <file>file:/C:/Users/aidil/OneDrive/Documents/NetBeansProjects/SIPIT/src/Sipit/bookmark.java</file>
            <file>file:/C:/Users/aidil/OneDrive/Documents/NetBeansProjects/SIPIT/src/Sipit/ratingUlasan.java</file>
            <file>file:/C:/Users/aidil/OneDrive/Documents/NetBeansProjects/SIPIT/src/Sipit/pencarianBuku.java</file>
            <file>file:/C:/Users/aidil/OneDrive/Documents/NetBeansProjects/SIPIT/src/controller/ratingUlasanController.java</file>
            <file>file:/C:/Users/aidil/OneDrive/Documents/NetBeansProjects/SIPIT/src/Sipit/register.java</file>
        </group>
    </open-files>
</project-private>
